UID,runID,cutID,SieveRowID,SieveColID,bpmX,bpmY,focal_theta,focal_x,focal_phi,focal_y,targetCalTh,targetCalPh,targetMeaTh,targetMeaPh,residualTh,residualPh
22400305,2240,124,5,3,-2e-4,-5e-4,-0.008184341072463769,-0.04151167539130435,-0.013146007739130435,0.004622758405797101,0.026355,-0.01095,0.025996208321078407,-0.010983678631428495,3.5879167892159317e-4,3.3678631428494884e-5
22410905,2241,166,5,9,-0.0032,-4.99e-4,-0.014226014764542936,-0.011412848686149585,0.010689087119113573,-0.01757046515235457,0.026345,0.015755,0.025565658158748145,0.015063037319117564,7.793418412518563e-4,6.919626808824384e-4
22391103,2239,178,3,11,0.003794,-5.01e-4,-1.5708127921428572e-4,-0.025827924,0.013490662485714285,-0.014219069514285714,-8.17e-4,0.014835,-7.304914563123455e-4,0.015503903630660716,-8.650854368765451e-5,-6.689036306607159e-4
22440802,2244,156,2,8,0.001792,-0.003498,0.0079106025648415,-0.036551458213256484,0.0025470301069164267,-0.006178957319884726,-0.019296,0.004428,-0.019115472493115095,0.0042796375808660265,-1.8052750688490673e-4,1.4836241913397327e-4
22570804,2257,60,4,8,-2e-4,-4.98e-4,-0.007199208082901554,0.10656654145077721,0.001924808026373057,-0.009092018911917098,0.012772,0.006455,0.013466885182556104,0.006112797436907704,-6.948851825561031e-4,3.4220256309229534e-4
22450705,2245,152,5,7,-0.002208,-0.003497,-0.014697816805555555,-0.020853352944444445,-9.80563276111111e-4,-0.011555757861111111,0.028249,0.005372,0.028783066872408638,0.005908716364064441,-5.340668724086365e-4,-5.367163640644414e-4
22391001,2239,169,1,10,0.003794,-5.01e-4,0.009849532970027247,-0.037992149046321526,0.007948606991825613,-0.01333433171934605,-0.021206,0.01177,-0.021379793486015982,0.011931114020490798,1.7379348601598434e-4,-1.611140204907992e-4
22410804,2241,158,4,8,-0.0032,-4.99e-4,-0.0061125275331564985,-0.021698760663129972,0.0030147677722015915,-0.01125617347480106,0.012766,0.009506,0.012099939962636357,0.00880556239073389,6.660600373636422e-4,7.004376092661091e-4
22390701,2239,148,1,7,0.003794,-5.01e-4,0.008753995795148248,-0.028143896576819406,7.018066778167116e-4,-0.001901592741239892,-0.021206,-7.37e-4,-0.022255507142761238,-2.227474511556907e-4,0.0010495071427612398,-5.142525488443094e-4
22400904,2240,165,4,9,-2e-4,-5e-4,-0.006720356693548387,-0.027852600913978495,0.008960658360215054,-0.013387037123655915,0.01277,0.012706,0.01232704838127431,0.012587921114615338,4.429516187256915e-4,1.1807888538466202e-4
22560301,2256,218,1,3,-1.97e-4,-5e-4,0.007884559472295515,-0.12982136147757256,-0.010609997519788918,0.004365696807387863,-0.027985,-0.010953,-0.02763256433692272,-0.010467089084796417,-3.52435663077278e-4,-4.859109152035828e-4
22400905,2240,166,5,9,-2e-4,-5e-4,-0.013963054480874317,-0.01301010504590164,0.010275736338797815,-0.014834469863387979,0.026355,0.012706,0.025654183533203118,0.012562216582447331,7.008164667968809e-4,1.4378341755266882e-4
22410602,2241,142,2,6,-0.0032,-4.99e-4,0.005517997704485488,-0.02883472796833773,-0.0018925621197889181,-0.0051424896316622695,-0.014393,0.003256,-0.014245854783710068,0.002512040090557532,-1.4714521628993255e-4,7.439599094424681e-4
22450702,2245,149,2,7,-0.002208,-0.003497,0.005146745277777778,-0.038826748055555554,4.228174539722222e-4,-0.006516200638888889,-0.012495,0.005372,-0.012955179720013086,0.004374315414699057,4.6017972001308703e-4,9.976845853009425e-4
22570603,2257,45,3,6,-2e-4,-4.98e-4,-3.1717055202099735e-4,0.10305646018372704,2.355346015748031e-5,-2.725425421102362e-4,-8.13e-4,2.04e-4,-9.522344745635299e-4,1.3993858350344325e-4,1.392344745635299e-4,6.406141649655673e-5
22400802,2240,156,2,8,-2e-4,-5e-4,0.006143242127071823,-0.03478517682320442,0.002106552387596685,-0.008402906215469613,-0.0144,0.006455,-0.014719451296960446,0.006247198515099299,3.194512969604458e-4,2.07801484900701e-4
22570401,2257,29,1,4,-2e-4,-4.98e-4,0.006328227316455696,0.1015959703443038,-0.004631071281012658,0.008032016468354431,-0.02119,-0.008499,-0.02107774601516724,-0.00856107668713177,-1.1225398483275923e-4,6.207668713177145e-5
22451004,2245,172,4,10,-0.002208,-0.003497,-0.00859693484057971,-0.025687700347826088,0.012136618550724638,-0.01831662733333333,0.014668,0.017873,0.014912871199124645,0.017735720624353954,-2.448711991246442e-4,1.3727937564604747e-4
22450402,2245,128,2,4,-0.002208,-0.003497,0.004186633296703297,-0.0307277217032967,-0.004708904835164836,0.007362979747252747,-0.012495,-0.006454,-0.012404557177692505,-0.007327237992082907,-9.044282230749479e-5,8.732379920829069e-4
22390602,2239,142,2,6,0.003794,-5.01e-4,0.005435511741424802,-0.027554901477572558,6.263153870712401e-4,0.003117412235620053,-0.014409,-0.003863,-0.014777168148553909,-0.0028816409817970885,3.6816814855390875e-4,-9.813590182029116e-4
22451002,2245,170,2,10,-0.002208,-0.003497,0.005452347581120944,-0.038781557522123894,0.008382318731563422,-0.018383860825958703,-0.012495,0.017873,-0.011955450645484964,0.017281382531844948,-5.395493545150351e-4,5.916174681550517e-4
22450704,2245,151,4,7,-0.002208,-0.003497,-0.006962792318435754,-0.03668505832402234,-8.090650608938546e-5,-0.00843611411452514,0.014668,0.005372,0.014823790225723084,0.0052447442021595824,-1.5579022572308318e-4,1.2725579784041724e-4
22410304,2241,123,4,3,-0.0032,-4.99e-4,-0.00304520074393531,-0.037194241239892185,-0.009035307115902965,0.007100088090566037,0.012766,-0.007895,0.011268226329404418,-0.008738844832140165,0.0014977736705955823,8.438448321401654e-4
22560702,2256,247,2,7,-1.97e-4,-5e-4,0.002312984202702703,-0.15393213513513512,0.0024221961572972973,-0.002820452818918919,-0.007607,0.003326,-0.008251857522813068,0.002817438855893827,6.448575228130688e-4,5.08561144106173e-4
22390905,2239,166,5,9,0.003794,-5.01e-4,-0.014004722796833773,-0.013279925875989446,0.01002125963060686,-0.011403481873350923,0.026368,0.008643,0.02635003695163456,0.009168248865061695,1.7963048365439336e-5,-5.252488650616942e-4
22440804,2244,158,4,8,0.001792,-0.003498,-0.003825754143646409,-0.032424794751381214,0.0033476530773480662,-0.0058409271325966855,0.007882,0.004428,0.007943024810786625,0.004960354283768127,-6.102481078662477e-5,-5.323542837681273e-4
22450903,2245,164,3,9,-0.002208,-0.003497,0.0020941836783783785,-0.03597299054054054,0.006954791732162162,-0.015289370621621622,-0.005704,0.014747,-0.005390724714578498,0.01415473978486315,-3.132752854215015e-4,5.922602151368498e-4
22400505,2240,138,5,5,-2e-4,-5e-4,-0.010018664221635883,-0.026574515540897098,-0.009380689118733508,-2.341212518469657e-4,0.026355,-0.006047,0.02605221809130719,-0.006240126345542927,3.027819086928097e-4,1.9312634554292712e-4
22410403,2241,129,3,4,-0.0032,-4.99e-4,-0.0013408370545730027,-0.03266374247933884,-0.0061882600275482095,0.005923562694214876,0.005976,-0.005444,0.005060817569256476,-0.006420212426871776,9.151824307435248e-4,9.762124268717755e-4
22440401,2244,127,1,4,0.001792,-0.003498,0.008522520276243093,-0.019391631173480663,-0.005764979364640884,0.0080034565,-0.02609,-0.010528,-0.02651047464596407,-0.010352012519345399,4.2047464596407243e-4,-1.75987480654601e-4
22560302,2256,219,2,3,-1.97e-4,-5e-4,0.0033980483018867923,-0.14127658760107817,-0.0075208509433962265,0.01033527191374663,-0.0144,-0.010953,-0.013593920196683392,-0.0109740261900447,-8.060798033166074e-4,2.102619004470144e-5
22391104,2239,179,4,11,0.003794,-5.01e-4,-0.007207176155913979,-0.019452896258064515,0.01533447752688172,-0.014557610403225807,0.012775,0.014835,0.012778895468095745,0.015431278213211398,-3.895468095745141e-6,-5.962782132113992e-4
22390802,2239,156,2,8,0.003794,-5.01e-4,0.0059474490883977904,-0.034658395303867405,0.0034931013756906077,-0.0034925199309392267,-0.014409,0.00239,-0.014734136711623453,0.0029730831738140613,3.251367116234531e-4,-5.830831738140612e-4
22440501,2244,134,1,5,0.001792,-0.003498,0.011537826066481995,-0.0233169243767313,-0.006510836994459834,0.0021378902094182826,-0.032884,-0.008077,-0.032765889199321246,-0.008113939709964688,-1.181108006787474e-4,3.693970996468803e-5
22410902,2241,163,2,9,-0.0032,-4.99e-4,0.006698913119777159,-0.03275115459610028,0.005197276044568245,-0.01743859164345404,-0.014393,0.015755,-0.01490323528479181,0.015047394866678686,5.102352847918106e-4,7.076051333213166e-4
22560304,2256,221,4,3,-1.97e-4,-5e-4,-0.00398113125698324,-0.16635640502793297,-0.009323689636871508,0.009416829245810056,0.01277,-0.010953,0.013216338867814289,-0.011033281354470051,-4.463388678142887e-4,8.028135447005175e-5
22560705,2256,250,5,7,-1.97e-4,-5e-4,-0.017170150663129973,-0.14569810079575596,0.0013453676820848806,-0.008572812732095491,0.033147,0.003326,0.0326491095653318,0.003613638614850026,4.978904346682059e-4,-2.8763861485002604e-4
22450505,2245,138,5,5,-0.002208,-0.003497,-0.008378591648044692,-0.03387413407821229,-0.00930878469273743,-0.0019353867231843575,0.021458,-0.004003,0.021972441351409997,-0.004011670873189047,-5.144413514099958e-4,8.670873189047498e-6
22410805,2241,159,5,8,-0.0032,-4.99e-4,-0.013450967683923705,-0.013053556449117166,0.00289852383106267,-0.013380767602179837,0.026345,0.009506,0.025714888479544666,0.009238089811841151,6.301115204553334e-4,2.679101881588484e-4
22560402,2256,226,2,4,-1.97e-4,-5e-4,0.0017416739005681819,-0.14783941477272727,-0.0056002138636363635,0.009015442897727273,-0.007607,-0.008502,-0.007335700801997469,-0.008823791527666228,-2.712991980025315e-4,3.217915276662287e-4
22560405,2256,229,5,4,-1.97e-4,-5e-4,-0.013147851192411924,-0.16684920596205963,-0.014026242005420055,-0.0018582704119241194,0.033147,-0.008502,0.03211891830036825,-0.008677817661662014,0.0010280816996317537,1.75817661662015e-4
22570301,2257,22,1,3,-2e-4,-4.98e-4,0.008061807777777777,0.10508006398148148,-0.007029404671957672,0.007921443015873017,-0.027983,-0.01095,-0.0270395247015068,-0.01046335641847504,-9.434752984932009e-4,-4.86643581524961e-4
22441203,2244,185,3,12,0.001792,-0.003498,-0.001702494105263158,-0.02824381447368421,0.015676984342105262,-0.018978698421052632,0.001087,0.020058,0.0020064861044037483,0.020537926709132955,-9.194861044037481e-4,-4.7992670913295747e-4
22410601,2241,141,1,6,-0.0032,-4.99e-4,0.01140698221932115,-0.025872595248041776,-0.004976054986945169,-0.009509050835509139,-0.027972,0.003256,-0.028237917642032605,0.0030331618317662097,2.6591764203260553e-4,2.2283816823379045e-4
22440805,2244,159,5,8,0.001792,-0.003498,-0.010837363626943005,-0.019810428445595853,0.002290075520414508,-0.008574825466321243,0.02147,0.004428,0.021952437076575255,0.005187051927436577,-4.8243707657525645e-4,-7.590519274365776e-4
22450405,2245,131,5,4,-0.002208,-0.003497,-0.011282922978142077,-0.03948594508196721,-0.013814186565573771,-0.003192666532786885,0.028249,-0.006454,0.0285952866537044,-0.00636155884773912,-3.4628665370440106e-4,-9.244115226087985e-5
22571001,2257,71,1,10,-2e-4,-4.98e-4,0.009695030224719101,0.07754201033707865,0.004661178053370786,-0.01970180845505618,-0.02119,0.015832,-0.020936115547856505,0.015629823110077854,-2.538844521434948e-4,2.0217688992214377e-4
22400605,2240,145,5,6,-2e-4,-5e-4,-0.011764219348958334,-0.026718942630208332,-0.0038245797109375,-0.005651228420572917,0.026355,2.04e-4,0.025844304330263267,5.615335712660034e-5,5.106956697367341e-4,1.4784664287339965e-4
22570503,2257,38,3,5,-2e-4,-4.98e-4,-3.3362631829608936e-4,0.0921145874301676,-0.0017767293203910614,0.008225022097765364,-8.13e-4,-0.006047,-2.2052745405463798e-4,-0.0061134489529573975,-5.924725459453621e-4,6.64489529573973e-5
22450802,2245,156,2,8,-0.002208,-0.003497,0.007785043950276243,-0.03667671215469613,0.0012374868115469612,-0.01077476,-0.019285,0.008497,-0.01841333551777506,0.007652892817662683,-8.716644822249429e-4,8.441071823373161e-4
22570402,2257,30,2,4,-2e-4,-4.98e-4,0.0017316141636612022,0.09338577480874317,-0.0024513335587431693,0.011260755819672131,-0.007606,-0.008499,-0.006707550804290925,-0.008512531483057476,-8.984491957090748e-4,1.3531483057476155e-5
22570305,2257,26,5,3,-2e-4,-4.98e-4,-0.009081664475138121,0.08943073290055249,-0.011760607348066299,0.00596567003038674,0.026357,-0.01095,0.026346991344919843,-0.01076308937623226,1.0008655080154152e-5,-1.8691062376773992e-4
22390903,2239,164,3,9,0.003794,-5.01e-4,1.9206898099184783e-4,-0.027083568532608696,0.00867252125,-0.008449600434782609,-8.17e-4,0.008643,-0.001280180183519333,0.009066665156901334,4.63180183519333e-4,-4.2366515690133474e-4
22570803,2257,59,3,8,-2e-4,-4.98e-4,-4.957778768407821e-4,0.08853543567039106,0.0025516382955307264,-0.007777430717877095,-8.13e-4,0.006455,-7.442443631639377e-4,0.00617910411310973,-6.875563683606225e-5,2.758958868902691e-4
22401203,2240,185,3,12,-2e-4,-5e-4,-0.003840330054495913,-0.022653842588555857,0.016297193978201636,-0.020644201634877384,0.005977,0.022083,0.005840780044591952,0.02203663908607964,1.3621995540804739e-4,4.636091392035757e-5
22451104,2245,179,4,11,-0.002208,-0.003497,-0.005367359404761905,-0.027241465982142856,0.013969970535714285,-0.020352093541666668,0.007877,0.020936,0.008601400304859955,0.020803451148197833,-7.244003048599555e-4,1.325488518021657e-4
22410400,2241,126,0,4,-0.0032,-4.99e-4,0.012542769557291666,-0.018334562942369792,-0.011412659895833333,-0.0042038449140625,-0.034762,-0.005444,-0.03457146771664688,-0.00562789146136473,-1.9053228335312169e-4,1.8389146136472983e-4
22440403,2244,129,3,4,0.001792,-0.003498,5.399349195430108e-4,-0.04072042231182796,-0.004169972362903226,0.012067502365591398,0.001087,-0.010528,-3.971307669171684e-4,-0.010200797178890312,0.0014841307669171684,-3.27202821109687e-4
22391203,2239,185,3,12,0.003794,-5.01e-4,-0.0036571741326530613,-0.02255115270408163,0.016933577040816328,-0.016612668877551022,0.005979,0.018023,0.00584360509884672,0.018522774125526918,1.3539490115328003e-4,-4.99774125526916e-4
22400705,2240,152,5,7,-2e-4,-5e-4,-0.016873635028409092,-0.005780830491477273,-0.001160205108465909,-0.010073577215909091,0.033147,0.00333,0.03206858748324113,0.0035554747178712775,0.0010784125167588737,-2.2547471787127726e-4
22560504,2256,235,4,5,-1.97e-4,-5e-4,-0.004539006235955056,-0.1633085084269663,-0.005733669308146067,0.004428896028089888,0.01277,-0.00605,0.012585731645010636,-0.006170051116969557,1.8426835498936393e-4,1.2005111696955701e-4
22391002,2239,170,2,10,0.003794,-5.01e-4,0.0034947321467391304,-0.02972104991847826,0.010247877907608696,-0.01165758285326087,-0.007613,0.01177,-0.008154818850470692,0.012170216376178376,5.418188504706925e-4,-4.002163761783765e-4
22390403,2239,129,3,4,0.003794,-5.01e-4,-0.0014084716292572944,-0.035154953209549075,-0.0045457124933687,0.013809930106100796,0.005979,-0.012569,0.006881905495895664,-0.012003015750844132,-9.029054958956638e-4,-5.65984249155868e-4
22390505,2239,138,5,5,0.003794,-5.01e-4,-0.009712129482288829,-0.03262523160762943,-0.009365641607629429,0.0038859242397820165,0.026368,-0.010117,0.0274333020110722,-0.00968065042486337,-0.0010653020110722008,-4.363495751366302e-4
22440601,2244,141,1,6,0.001792,-0.003498,0.012974469737532808,-0.034512634409448815,-0.0032673766981627297,-0.004067442362204725,-0.032884,-0.001824,-0.032577424360346614,-0.002069299247779384,-3.0657563965338214e-4,2.452992477793839e-4
22561104,2256,277,4,11,-1.97e-4,-5e-4,-0.007878422544910179,-0.14965804191616766,0.019409939221556885,-0.014263259580838324,0.01277,0.018893,0.012817766598286297,0.018765841643087186,-4.7766598286297216e-5,1.2715835691281353e-4
22570802,2257,58,2,8,-2e-4,-4.98e-4,0.005813380200573066,0.09935290143266476,0.0013385292599713467,-0.008849741131805158,-0.014398,0.006455,-0.014771755591644963,0.006025841018006982,3.7375559164496314e-4,4.291589819930181e-4
22401003,2240,171,3,10,-2e-4,-5e-4,-0.003524371156424581,-0.02413374980726257,0.011000829259776536,-0.015693967905027934,0.005977,0.015832,0.0056777914777194505,0.015668673502613053,2.9920852228054946e-4,1.6332649738694767e-4
22570400,2257,28,0,4,-2e-4,-4.98e-4,0.011312213021390374,0.09780430614973262,-0.008623257459893048,9.140255006550802e-4,-0.034775,-0.008499,-0.033035098606703325,-0.008047414721332923,-0.0017399013932966722,-4.515852786670769e-4
22391004,2239,172,4,10,0.003794,-5.01e-4,-0.010879130158311346,-0.011881104288654354,0.012658558390501319,-0.012731352401055409,0.019571,0.01177,0.02004826104294571,0.012041240077220797,-4.772610429457086e-4,-2.7124007722079813e-4
22450403,2245,129,3,4,-0.002208,-0.003497,3.1571558718579233e-4,-0.037038375956284154,-0.00555579393442623,0.007220551852459016,0.001086,-0.006454,2.2585183718816688e-5,-0.007028124935215737,0.0010634148162811832,5.741249352157369e-4
22390801,2239,155,1,8,0.003794,-5.01e-4,0.01210307771978022,-0.026173208791208793,9.722156419505495e-4,-0.006893482848901099,-0.028002,0.00239,-0.028431895112931278,0.0027634217380080256,4.2989511293127877e-4,-3.734217380080253e-4
22390704,2239,151,4,7,0.003794,-5.01e-4,-0.008658298123324398,-0.024580426847184988,1.4564325258713137e-4,-0.0024800858927613943,0.019571,-7.37e-4,0.019699204042420947,-2.4601205295656474e-4,-1.2820404242094675e-4,-4.909879470434353e-4
22561002,2256,268,2,10,-1.97e-4,-5e-4,0.00230825389380531,-0.15879433923303835,0.013172612389380532,-0.012773443746312684,-0.007607,0.015829,-0.0075905851520643355,0.015600034117362624,-1.6414847935664807e-5,2.2896588263737644e-4
22410302,2241,121,2,3,-0.0032,-4.99e-4,0.004152125858310627,-0.022546591934604905,-0.006964577329700273,0.008014547929155314,-0.014393,-0.007895,-0.012590056039483212,-0.008563328451079585,-0.0018029439605167878,6.683284510795857e-4
22410504,2241,137,4,5,-0.0032,-4.99e-4,-0.004433921737967915,-0.032296215775401066,-0.006497217802139037,0.0011267599296791444,0.012766,-0.002993,0.012471675429822283,-0.0038332215734385466,2.9432457017771564e-4,8.402215734385466e-4
22410503,2241,136,3,5,-0.0032,-4.99e-4,4.865754626415094e-4,-0.027949773153638814,-0.004313444924528302,0.003465584522911051,-8.13e-4,-0.002993,-9.206937931836268e-4,-0.00387355429917807,1.0769379318362687e-4,8.805542991780699e-4
22411003,2241,171,3,10,-0.0032,-4.99e-4,-0.0036207903268156423,-0.026110062569832403,0.010720738938547487,-0.018722884217877094,0.005976,0.01888,0.005648634728867604,0.018338899924665548,3.2736527113239614e-4,5.411000753344538e-4
22570602,2257,44,2,6,-2e-4,-4.98e-4,0.004735027139896373,0.08333734743523316,-6.684665676943006e-4,-0.0017392823705440414,-0.014398,2.04e-4,-0.013570544899526528,2.571151923699574e-4,-8.27455100473471e-4,-5.311519236995739e-5
22440402,2244,128,2,4,0.001792,-0.003498,0.004075845658682635,-0.029178021766467065,-0.003115239526946108,0.012452785209580838,-0.012501,-0.010528,-0.0126446015383546,-0.010623922387613862,1.4360153835460055e-4,9.592238761386255e-5
22450804,2245,158,4,8,-0.002208,-0.003497,-0.00415538776,-0.029742130079999998,0.0028305824976,-0.010296116346666667,0.007877,0.008497,0.008127300361830033,0.008223095604335848,-2.503003618300333e-4,2.7390439566415064e-4
22390703,2239,150,3,7,0.003794,-5.01e-4,-0.00242892056097561,-0.025926740406504067,0.0022342511124661246,3.0797980452574523e-4,0.005979,-7.37e-4,0.005822814397876531,8.699042258989018e-5,1.5618560212346912e-4,-8.239904225898902e-4
22410704,2241,151,4,7,-0.0032,-4.99e-4,-0.009172462653061224,-0.023501608214285714,-1.2242538946428573e-4,-0.009610010140306123,0.019556,0.006381,0.019101508547263463,0.005724327869113762,4.5449145273653826e-4,6.566721308862384e-4
22400604,2240,144,4,6,-2e-4,-5e-4,-0.005191649627659574,-0.0339138052393617,-0.0015833683614361702,-0.001990224856382979,0.01277,2.04e-4,0.012678105158314199,1.5581181468202758e-5,9.189484168580147e-5,1.8841881853179723e-4
22410904,2241,165,4,9,-0.0032,-4.99e-4,-0.006888941489361702,-0.022599256010638297,0.008661416329787234,-0.016664132127659576,0.012766,0.015755,0.012300841031462435,0.01523650692106863,4.651589685375643e-4,5.184930789313726e-4
22571004,2257,74,4,10,-2e-4,-4.98e-4,-0.011837222657142857,0.11705782882857142,0.009872289057142858,-0.018929263285714287,0.019564,0.015832,0.01954824188031311,0.015582607163963992,1.5758119686889052e-5,2.4939283603600743e-4
22400701,2240,148,1,7,-2e-4,-5e-4,0.008591331644908617,-0.024943515143603132,-6.951067090208877e-4,-0.0067341548355091384,-0.021192,0.00333,-0.02116051726271203,0.003314963147141959,-3.14827372879704e-5,1.5036852858041093e-5
22440405,2244,131,5,4,0.001792,-0.003498,-0.010445504378378379,-0.04351573486486487,-0.013568050432432432,8.341624566413513e-4,0.028265,-0.010528,0.028882895860042584,-0.009337177737535842,-6.178958600425866e-4,-0.0011908222624641578
22450501,2245,134,1,5,-0.002208,-0.003497,0.011626732340425532,-0.025734503750000002,-0.007347642760638298,-0.0025261900212765957,-0.032866,-0.004003,-0.03147469389156604,-0.0043698189948098674,-0.0013913061084339577,3.6681899480986744e-4
22410502,2241,135,2,5,-0.0032,-4.99e-4,0.004816381918604651,-0.020052465058139533,-0.0046654301627906975,0.0019821847674418606,-0.014393,-0.002993,-0.013505751051299347,-0.0035404492917843707,-8.872489487006531e-4,5.474492917843707e-4
22570704,2257,53,4,7,-2e-4,-4.98e-4,-0.009777183972222223,0.10266837944444444,-5.895348997777777e-4,-0.006941610930555555,0.019564,0.00333,0.01958704191675995,0.003060808294119532,-2.304191675994712e-5,2.6919170588046796e-4
22450304,2245,123,4,3,-0.002208,-0.003497,-0.001111379864357542,-0.04170549301675978,-0.008127197262569833,0.009040278547486033,0.007877,-0.008905,0.005315302162418924,-0.009369487802308268,0.002561697837581076,4.6448780230826754e-4
22560501,2256,232,1,5,-1.97e-4,-5e-4,0.009192917811634348,-0.13847669806094182,-0.007755420037119113,-4.8705381271468146e-4,-0.027985,-0.00605,-0.028789886793410786,-0.006004389293659898,8.048867934107862e-4,-4.561070634010136e-5
22571103,2257,80,3,11,-2e-4,-4.98e-4,-7.623615188010899e-4,0.10523460702997275,0.009395674005449592,-0.021222160217983652,-8.13e-4,0.018896,-5.955349051622884e-4,0.019146984848640424,-2.1746509483771154e-4,-2.5098484864042307e-4
22440603,2244,143,3,6,0.001792,-0.003498,0.0021440223983827493,-0.03264221563342318,3.348967104312668e-4,0.0020344465121293802,-0.005707,-0.001824,-0.005788232350570932,-0.0014670320203915832,8.12323505709315e-5,-3.56967979608417e-4
22450700,2245,147,0,7,-0.002208,-0.003497,0.01713096747311828,-0.04029682096774193,-0.004670854220430108,-0.014114770430107526,-0.039657,0.005372,-0.03818824794843412,0.0057158646925728725,-0.001468752051565879,-3.4386469257287274e-4
22411004,2241,172,4,10,-0.0032,-4.99e-4,-0.010816217891891891,-0.018609555372972972,0.013175628972972973,-0.019082112108108108,0.019556,0.01888,0.01878344055148184,0.018173069556512152,7.725594485181583e-4,7.069304434878488e-4
22450400,2245,126,0,4,-0.002208,-0.003497,0.014221568419689119,-0.01786140269430052,-0.011463226373056995,-0.0038674965336787563,-0.039657,-0.006454,-0.038361705266112024,-0.007046102014621013,-0.0012952947338879725,5.921020146210136e-4
22560603,2256,241,3,6,-1.97e-4,-5e-4,-2.815155359361413e-4,-0.15289426902173914,4.132720080163044e-4,3.75746769375e-4,-8.15e-4,2.01e-4,-0.0013246061011763532,-1.515665887891549e-4,5.096061011763533e-4,3.5256658878915487e-4
22450301,2245,120,1,3,-0.002208,-0.003497,0.010703392599469496,-0.017987210159151192,-0.01004350697612732,0.002727104899204244,-0.032866,-0.008905,-0.032204279811519326,-0.00959063541541672,-6.617201884806727e-4,6.856354154167211e-4
22570702,2257,51,2,7,-2e-4,-4.98e-4,0.002193561405322129,0.10192810238095239,0.0011042936815966386,-0.004356633773109244,-0.007606,0.00333,-0.006972199027701127,0.003122991212711333,-6.33800972298873e-4,2.070087872886672e-4
22570501,2257,36,1,5,-2e-4,-4.98e-4,0.009403397777777777,0.0977761636111111,-0.005792237858333334,0.0016641078506805555,-0.027983,-0.006047,-0.027540027757273006,-0.006152195408749152,-4.4297224272699543e-4,1.0519540874915156e-4
22450901,2245,162,1,9,-0.002208,-0.003497,0.015113821978891821,-0.0426512944591029,0.003439764142480211,-0.019407532786279682,-0.032866,0.014747,-0.03184539790509693,0.014853916815414757,-0.0010206020949030635,-1.0691681541475658e-4
22440703,2244,150,3,7,0.001792,-0.003498,-4.953191512929578e-4,-0.03645958563380282,0.0018637437377464789,-0.001769408152112676,0.001087,0.001302,8.370132250663157e-4,0.0017481528702945532,2.4998677493368444e-4,-4.4615287029455334e-4
22570905,2257,68,5,9,-2e-4,-4.98e-4,-0.015388166176470588,0.1198554764973262,0.007749721497326203,-0.017232621203208558,0.026357,0.012706,0.026077239173446752,0.012480265697485676,2.797608265532462e-4,2.2573430251432422e-4
22410903,2241,164,3,9,-0.0032,-4.99e-4,1.1476558850134771e-4,-0.033292021563342315,0.007188576819407008,-0.016076930269541777,-8.13e-4,0.015755,-0.0013751231921369119,0.014929868124770625,5.621231921369117e-4,8.251318752293765e-4
22400301,2240,120,1,3,-2e-4,-5e-4,0.008711553689839573,-0.01225999832513369,-0.009384279331550803,0.0062218807967914435,-0.027985,-0.01095,-0.027567051120956768,-0.010543964795235363,-4.1794887904323107e-4,-4.060352047646367e-4
22560801,2256,253,1,8,-1.97e-4,-5e-4,0.011002190401146132,-0.15229709742120343,0.0017314686300573066,-0.010284766275071633,-0.027985,0.006452,-0.02793060541731747,0.006492351276331452,-5.4394582682529825e-5,-4.0351276331451706e-5
22400502,2240,135,2,5,-2e-4,-5e-4,0.0049993087951807225,-0.01963827823493976,-0.0038968228969879517,0.0058423195240963855,-0.0144,-0.006047,-0.01450817213644179,-0.006132960631679584,1.0817213644179068e-4,8.596063167958368e-5
22560404,2256,228,4,4,-1.97e-4,-5e-4,-0.006832935204359673,-0.16399810081743868,-0.009600741253405995,0.004287730544959128,0.019562,-0.008502,0.02000602631004868,-0.008540737752918968,-4.440263100486804e-4,3.873775291896924e-5
22450803,2245,157,3,8,-0.002208,-0.003497,0.002026185232051282,-0.03492124743589744,0.0024461986615384617,-0.009281253974358975,-0.005704,0.008497,-0.005396168926390166,0.007593040118609122,-3.0783107360983416e-4,9.039598813908775e-4
22400700,2240,147,0,7,-2e-4,-5e-4,0.014869003910614525,-0.032163077122905025,-0.0031492655724022346,-0.011127441424581006,-0.034777,0.00333,-0.03437790841263446,0.004150299676249934,-3.9909158736554186e-4,-8.202996762499343e-4
22450401,2245,127,1,4,-0.002208,-0.003497,0.008443286823204419,-0.022940332513812153,-0.006883119908839779,0.003621412961325967,-0.026076,-0.006454,-0.025059694677611464,-0.0072497193487830085,-0.0010163053223885361,7.957193487830091e-4
22440902,2244,163,2,9,0.001792,-0.003498,0.008522055984455958,-0.03644267958549223,0.005992395088082901,-0.012346394663212435,-0.019296,0.01068,-0.01899092519004556,0.010543236469464803,-3.0507480995443844e-4,1.3676353053519719e-4
22400601,2240,141,1,6,-2e-4,-5e-4,0.011149774135135135,-0.023750066486486487,-0.004018359923243243,-0.005769484486486487,-0.027985,2.04e-4,-0.0281517725514978,2.075149816955206e-4,1.6677255149780183e-4,-3.5149816955205975e-6
22390402,2239,128,2,4,0.003794,-5.01e-4,0.0027073557135278517,-0.031223828092175065,-0.002801029908488064,0.014145946870026526,-0.007613,-0.012569,-0.008071817335342586,-0.011596518993398001,4.5881733534258544e-4,-9.724810066019988e-4
22401202,2240,184,2,12,-2e-4,-5e-4,0.0037196650887573964,-0.03169047573964497,0.01377484822485207,-0.02124018402366864,-0.007608,0.022083,-0.008005964597882838,0.022168516793148383,3.9796459788283813e-4,-8.551679314838323e-5
22560704,2256,249,4,7,-1.97e-4,-5e-4,-0.009670848797814208,-0.1547077349726776,0.0015322308885245902,-0.0052214131530054645,0.019562,0.003326,0.020415305404539213,0.002809647048422266,-8.533054045392118e-4,5.16352951577734e-4
22571003,2257,73,3,10,-2e-4,-4.98e-4,-0.0042543535734463275,0.10400828394067796,0.00824098359322034,-0.018002979604519773,0.005979,0.015832,0.006127458290341504,0.015827907257112556,-1.4845829034150417e-4,4.092742887444124e-6
22390503,2239,136,3,5,0.003794,-5.01e-4,7.28912864224599e-4,-0.036770391526737965,-0.002096094215882353,0.012152730802139038,-8.17e-4,-0.010117,-0.0011459493901828403,-0.009685997950629164,3.2894939018284023e-4,-4.31002049370836e-4
22570701,2257,50,1,7,-2e-4,-4.98e-4,0.008070648092485548,0.08949813315028901,-0.0012712876971098265,-0.007169185887283237,-0.02119,0.00333,-0.020594892374643948,0.0031003520096348626,-5.951076253560512e-4,2.2964799036513753e-4
22440705,2244,152,5,7,0.001792,-0.003498,-0.01423181961038961,-0.02012504256103896,-0.0014878728781792209,-0.008032453098701299,0.028265,0.001302,0.028733538533428443,0.002262197422196625,-4.685385334284443e-4,-9.60197422196625e-4
22390504,2239,137,4,5,0.003794,-5.01e-4,-0.003888147387862797,-0.03995235435356201,-0.005056026678100264,0.009374567335092348,0.012775,-0.010117,0.013629257818650115,-0.009409694524239181,-8.542578186501156e-4,-7.073054757608185e-4
22560904,2256,263,4,9,-1.97e-4,-5e-4,-0.007144004511494253,-0.1545500977011494,0.01205801827586207,-0.01050549893678161,0.01277,0.012703,0.012629466623975317,0.012391836804469824,1.4053337602468397e-4,3.1116319553017624e-4
22560503,2256,234,3,5,-1.97e-4,-5e-4,-1.1933452767302452e-4,-0.15759544686648502,-0.003979373228882834,0.006545348144414169,-8.15e-4,-0.00605,-0.001139752356906249,-0.006333236191636829,3.247523569062492e-4,2.832361916368287e-4
22441202,2244,184,2,12,0.001792,-0.003498,0.005764770455764075,-0.0355784490616622,0.013781764611260053,-0.01945303983914209,-0.012501,0.020058,-0.011991264262832714,0.02038904277828504,-5.097357371672868e-4,-3.310427782850417e-4
22390805,2239,159,5,8,0.003794,-5.01e-4,-0.013062214643799473,-0.014222679317783642,0.0023505136155672823,-0.006814188005277045,0.026368,0.00239,0.026309553015957294,0.0027038563542812286,5.844698404270387e-5,-3.138563542812283e-4
22440605,2244,145,5,6,0.001792,-0.003498,-0.00949909597368421,-0.03250180763157895,-0.003750778147368421,-0.003532180205263158,0.02147,-0.001824,0.02221569311646861,-9.790624230305554e-4,-7.456931164686123e-4,-8.449375769694447e-4
22410703,2241,150,3,7,-0.0032,-4.99e-4,-0.0027038234407713497,-0.023513597052341597,6.54563303661157e-4,-0.00745587132231405,0.005976,0.006381,0.005590371112003193,0.005399421574393161,3.85628887996807e-4,9.815784256068396e-4
22441004,2244,172,4,10,0.001792,-0.003498,-0.008332920261627907,-0.025766559476744187,0.012139411453488373,-0.014634146860465116,0.014676,0.013806,0.014947057138291312,0.014394586563750934,-2.7105713829131243e-4,-5.885865637509336e-4
22400405,2240,131,5,4,-2e-4,-5e-4,-0.012769595893333333,-0.04509837768,-0.013543953333333334,-0.0014097406165333333,0.033147,-0.008499,0.03172221129428438,-0.008556040536843309,0.001424788705715621,5.704053684330977e-5
22561203,2256,283,3,12,-1.97e-4,-5e-4,-0.004397953457142857,-0.15244953428571428,0.02148963,-0.01600931142857143,0.005978,0.02208,0.005929008028811345,0.02194608811905261,4.8991971188654554e-5,1.3391188094738726e-4
22560803,2256,255,3,8,-1.97e-4,-5e-4,-5.044496837295081e-4,-0.15248901639344262,0.0050266910109289615,-0.005184226857923497,-8.15e-4,0.006452,-0.001183682508836406,0.005865095087086864,3.6868250883640607e-4,5.869049129131371e-4
22441002,2244,170,2,10,0.001792,-0.003498,0.0052697456830601095,-0.040583103289617485,0.009204721612021858,-0.01388523400819672,-0.012501,0.013806,-0.011820143962692195,0.013625544719154125,-6.808560373078054e-4,1.8045528084587584e-4
22450602,2245,142,2,6,-0.002208,-0.003497,0.007546660571428571,-0.035188073714285714,-0.0020728085034285716,-0.004310143771428572,-0.019285,0.002247,-0.01950424317998287,0.0011950852374758415,2.1924317998286917e-4,0.0010519147625241583
22570901,2257,64,1,9,-2e-4,-4.98e-4,0.01260482904,0.0856771456,0.00159491811272,-0.01855037832,-0.027983,0.012706,-0.027111804392177967,0.01286386588666504,-8.711956078220346e-4,-1.578658866650409e-4
22440904,2244,165,4,9,0.001792,-0.003498,-0.004438466985915493,-0.0285973061971831,0.008468275464788733,-0.011497570253521126,0.007882,0.01068,0.007991520899707137,0.011104972132340806,-1.0952089970713659e-4,-4.2497213234080674e-4
22440702,2244,149,2,7,0.001792,-0.003498,0.004930411461988304,-0.03481880643274854,0.001971176364619883,-0.0016782720807017545,-0.012501,0.001302,-0.012711421057431997,0.0012680237175789655,2.1042105743199763e-4,3.397628242103443e-5
22570404,2257,32,4,4,-2e-4,-4.98e-4,-0.006947882936288089,0.09653728099722991,-0.007819979443767312,0.006237949747922438,0.019564,-0.008499,0.019695972670085965,-0.00837904491873977,-1.319726700859629e-4,-1.1995508126022896e-4
22560502,2256,233,2,5,-1.97e-4,-5e-4,0.003916855494505494,-0.14450357967032967,-0.0045832777829670325,0.005005772634065934,-0.0144,-0.00605,-0.01412208388739986,-0.006121961341919255,-2.779161126001395e-4,7.196134191925438e-5
22410603,2241,143,3,6,-0.0032,-4.99e-4,2.4524641e-4,-0.02713306139817629,-0.0010910627739817629,-0.0037216918565349546,-8.13e-4,0.003256,-9.551680227295213e-4,0.002282471238367641,1.4216802272952128e-4,9.735287616323593e-4
22441001,2244,169,1,10,0.001792,-0.003498,0.011984581286549707,-0.043970713157894734,0.007481060149122807,-0.016000637660818714,-0.02609,0.013806,-0.02546019775953678,0.013834801465405775,-6.298022404632169e-4,-2.8801465405774203e-5
22451001,2245,169,1,10,-0.002208,-0.003497,0.012174901377410468,-0.04382546280991736,0.00658131258953168,-0.020205525903305786,-0.026076,0.017873,-0.025423203317405073,0.01740549837591587,-6.527966825949245e-4,4.6750162408413143e-4
22400704,2240,151,4,7,-2e-4,-5e-4,-0.008615191707988981,-0.02546997961983471,-1.274256370798898e-4,-0.006439298225895317,0.019562,0.00333,0.018670008447150055,0.0031478993265113752,8.919915528499451e-4,1.8210067348862482e-4
22570805,2257,61,5,8,-2e-4,-4.98e-4,-0.014281970512820513,0.12295859316239316,0.0011030197359259259,-0.011868982735042735,0.026357,0.006455,0.026301871984123686,0.006532583516438461,5.5128015876312083e-5,-7.758351643846103e-5
22570304,2257,25,4,3,-2e-4,-4.98e-4,-0.003709637252124646,0.0836792000509915,-0.00618406228611898,0.011933142521246458,0.012772,-0.01095,0.012269067613220932,-0.010722063358467312,5.029323867790687e-4,-2.2793664153268804e-4
22440505,2244,138,5,5,0.001792,-0.003498,-0.007872850487106018,-0.03474765106017192,-0.008850039038968482,0.0021828681484240687,0.02147,-0.008077,0.02232109160054102,-0.006947037392270834,-8.510916005410222e-4,-0.0011299626077291662
22401004,2240,172,4,10,-2e-4,-5e-4,-0.010803251401617251,-0.012697650754716981,0.012444767628032346,-0.016487052021563343,0.019562,0.015832,0.019185523239117423,0.01546499525112635,3.7647676088257493e-4,3.670047488736493e-4
22440803,2244,157,3,8,0.001792,-0.003498,0.00190501141212938,-0.033104481132075474,0.003788177239892183,-0.004721185849056604,-0.005707,0.004428,-0.005075124540011766,0.004598675339501664,-6.318754599882346e-4,-1.7067533950166402e-4
22400503,2240,136,3,5,-2e-4,-5e-4,5.165202486882022e-4,-0.029054427415730336,-0.003408892011235955,0.007185627837078652,-8.15e-4,-0.006047,-7.481379209728327e-4,-0.006273762251993645,-6.686207902716723e-5,2.2676225199364463e-4
22410801,2241,155,1,8,-0.0032,-4.99e-4,0.012478312375690607,-0.03010196408839779,-0.0013600118179558011,-0.015143060359116021,-0.027972,0.009506,-0.028482414629015632,0.009486006373266812,5.10414629015631e-4,1.9993626733188984e-5
22390404,2239,130,4,4,0.003794,-5.01e-4,-0.005482303512747875,-0.037382270538243625,-0.008046284730878187,0.009521167507082153,0.019571,-0.012569,0.019435306284194452,-0.011250152257361729,1.3569371580555038e-4,-0.0013188477426382718
22560804,2256,256,4,8,-1.97e-4,-5e-4,-0.006730170616246499,-0.1521859299719888,0.005475252212885154,-0.006224440635854342,0.01277,0.006452,0.013095782129507589,0.006062622042977228,-3.257821295075894e-4,3.893779570227721e-4
22450604,2245,144,4,6,-0.002208,-0.003497,-0.0036247404248554915,-0.03144647367052023,-0.0020710916479768785,-0.0039470468005780345,0.007877,0.002247,0.008662740681165584,0.001720343367896297,-7.857406811655848e-4,5.266566321037028e-4
22450603,2245,143,3,6,-0.002208,-0.003497,0.0022112262388235293,-0.03404261764705882,-7.021147983382352e-4,-0.0024295070861764705,-0.005704,0.002247,-0.006006675910621357,0.0014445783453708484,3.0267591062135764e-4,8.024216546291514e-4
22390902,2239,163,2,9,0.003794,-5.01e-4,0.006567425403899722,-0.031541609749303624,0.006904863802228412,-0.009621428913649026,-0.014409,0.008643,-0.015006322829818817,0.008906934687099057,5.973228298188165e-4,-2.6393468709905664e-4
22441104,2244,179,4,11,0.001792,-0.003498,-0.0051632142377260985,-0.031233908785529715,0.014326433333333333,-0.01643244788113695,0.007882,0.016871,0.008617507212462128,0.017371704520025427,-7.35507212462127e-4,-5.007045200254275e-4
22570605,2257,47,5,6,-2e-4,-4.98e-4,-0.013060742083333333,0.10274788815104166,-0.0041124658359375,-0.005859885549739583,0.026357,2.04e-4,0.026624957874438228,3.290695968277176e-5,-2.679578744382293e-4,1.7109304031722822e-4
22450902,2245,163,2,9,-0.002208,-0.003497,0.008646238328690808,-0.04136360417827298,0.005047666991643454,-0.016531504373259055,-0.019285,0.014747,-0.019051617527497094,0.013991973533038656,-2.3338247250290605e-4,7.550264669613437e-4
22570405,2257,33,5,4,-2e-4,-4.98e-4,-0.01410675923943662,0.08227484256338029,-0.013662253011267606,-4.1428532929577464e-4,0.033149,-0.008499,0.03254891847314399,-0.008698400073706935,6.000815268560029e-4,1.9940007370693522e-4
22560700,2256,245,0,7,-1.97e-4,-5e-4,0.014104621983914208,-0.14731332975871314,-0.0023854723914209113,-0.010464493243967829,-0.034777,0.003326,-0.03488010797390627,0.0035260824758198248,1.0310797390626808e-4,-2.0008247581982473e-4
22450904,2245,165,4,9,-0.002208,-0.003497,-0.0049483750226628894,-0.02787461076487252,0.008117016232294617,-0.015557525722379603,0.007877,0.014747,0.00864212331735399,0.014467881950077852,-7.651233173539896e-4,2.7911804992214787e-4
22440704,2244,151,4,7,0.001792,-0.003498,-0.006850807783783784,-0.029601865135135134,-3.223987054054054e-5,-0.004356649140540541,0.014676,0.001302,0.015405725636727338,0.0018953991119772169,-7.297256367273374e-4,-5.933991119772169e-4
22440901,2244,162,1,9,0.001792,-0.003498,0.01508733893442623,-0.04429182896174863,0.004004413994535519,-0.015109013726775956,-0.032884,0.01068,-0.03228023326627225,0.010877033850229758,-6.037667337277429e-4,-1.9703385022975698e-4
22451103,2245,178,3,11,-0.002208,-0.003497,0.0021475672750670242,-0.039148049731903486,0.01167911126005362,-0.020569885522788205,-0.005704,0.020936,-0.005340996757882022,0.02078175624011522,-3.630032421179778e-4,1.5424375988477864e-4
22450404,2245,130,4,4,-0.002208,-0.003497,-0.004324697633879782,-0.03669660819672131,-0.008789998715846995,0.003356498418032787,0.014668,-0.006454,0.013682545509632623,-0.0063019547720173826,9.854544903673765e-4,-1.5204522798261698e-4
22390705,2239,152,5,7,0.003794,-5.01e-4,-0.016206016666666666,-0.01461271213076923,-0.00154638732,-0.006374811992307692,0.033164,-7.37e-4,0.03184820522670338,-3.2110463473902356e-4,0.0013157947732966157,-4.1589536526097647e-4
22410402,2241,128,2,4,-0.0032,-4.99e-4,0.002588190442934783,-0.022531290108695652,-0.0054203984239130434,0.006098110008152174,-0.007603,-0.005444,-0.007163889955710327,-0.0062418019917480465,-4.3911004428967326e-4,7.978019917480461e-4
22400602,2240,142,2,6,-2e-4,-5e-4,0.005560331082621083,-0.024236549686609685,-0.001113776431054131,-0.001809176178917379,-0.0144,2.04e-4,-0.01451825172492519,2.0437877760921247e-4,1.1825172492519167e-4,-3.78777609212493e-7
22400402,2240,128,2,4,-2e-4,-5e-4,0.0023492094946524064,-0.0245232635828877,-0.004393881550802139,0.010119964155080215,-0.007608,-0.008499,-0.0064649092133071745,-0.008830853961559046,-0.0011430907866928253,3.318539615590452e-4
22560902,2256,261,2,9,-1.97e-4,-5e-4,0.00566821335078534,-0.15562360732984293,0.009075357986910995,-0.01160629609947644,-0.0144,0.012703,-0.015073130965945418,0.012310358007063059,6.731309659454181e-4,3.9264199293694246e-4
22560401,2256,225,1,4,-1.97e-4,-5e-4,0.005892384005449591,-0.1378188310626703,-0.007234196525885558,0.005173044485013624,-0.021192,-0.008502,-0.020879168810141083,-0.008207660853528139,-3.1283118985891463e-4,-2.9433914647186016e-4
22561003,2256,269,3,10,-1.97e-4,-5e-4,-0.004250450051948052,-0.15327857142857143,0.015000808051948053,-0.012242198441558442,0.005978,0.015829,0.006140436737807776,0.015643881425428944,-1.6243673780777564e-4,1.8511857457105578e-4
22390400,2239,126,0,4,0.003794,-5.01e-4,0.011552564225352113,-0.012962107314929578,-0.008896827371830986,0.004321534549577464,-0.034798,-0.012569,-0.034784677505517926,-0.011111856487016503,-1.3322494482078965e-5,-0.0014571435129834972
22560905,2256,264,5,9,-1.97e-4,-5e-4,-0.014421953262032085,-0.14292286096256684,0.013883225401069519,-0.011641711577540107,0.026355,0.012703,0.02620591075454645,0.012503346091006158,1.490892454535515e-4,1.9965390899384246e-4
22411103,2241,178,3,11,-0.0032,-4.99e-4,1.4434550981627298e-4,-0.0344393357480315,0.012196588818897638,-0.021294776640419948,-8.13e-4,0.021944,-0.0014688689757285818,0.02164173333908024,6.558689757285818e-4,3.0226666091976253e-4
22450601,2245,141,1,6,-0.002208,-0.003497,0.013114370941828254,-0.03392054404432133,-0.004832203687811634,-0.008909636531855955,-0.032866,0.002247,-0.03200850990405011,0.0018647911377932347,-8.574900959498917e-4,3.822088622067652e-4
22410604,2241,144,4,6,-0.0032,-4.99e-4,-0.0054384522346368714,-0.030659151061452516,-0.0019467563983240224,-0.005315166955307263,0.012766,0.003256,0.012667849369452285,0.0024263586878697885,9.815063054771539e-5,8.296413121302119e-4
22400603,2240,143,3,6,-2e-4,-5e-4,4.2165833464467004e-4,-0.02411032421319797,-1.0812843304568528e-4,-2.742986195431472e-4,-8.15e-4,2.04e-4,-0.001213003258690621,1.4138867563735864e-4,3.9800325869062113e-4,6.261132436264135e-5
22570604,2257,46,4,6,-2e-4,-4.98e-4,-0.006301671524064171,0.09955168877005348,-0.0017546619189037433,-0.0021650294069518717,0.012772,2.04e-4,0.013504367065907862,-8.471246024605004e-5,-7.323670659078621e-4,2.8871246024605004e-4
22440700,2244,147,0,7,0.001792,-0.003498,0.016177125806451614,-0.04158329811827957,-0.0027791116559139784,-0.009220047043010753,-0.039678,0.001302,-0.0371155058098586,0.0016598089847282595,-0.0025624941901414007,-3.578089847282594e-4
22570700,2257,49,0,7,-2e-4,-4.98e-4,0.014656535117493473,0.080314746308094,-0.00415995227389034,-0.01117482044386423,-0.034775,0.00333,-0.033654696306486626,0.0034240118341337267,-0.0011203036935133772,-9.40118341337267e-5
22570302,2257,23,2,3,-2e-4,-4.98e-4,0.003459293717877095,0.09650581675977654,-0.003472368960893855,0.013162331905027932,-0.014398,-0.01095,-0.012953752589262103,-0.010510465280479032,-0.0014442474107378965,-4.395347195209665e-4
22411102,2241,177,2,11,-0.0032,-4.99e-4,0.0068350650828729285,-0.03761243867403315,0.010045379889502763,-0.022514289640883978,-0.014393,0.021944,-0.014218836646845813,0.021727069232709006,-1.7416335315418677e-4,2.1693076729099495e-4
22571203,2257,87,3,12,-2e-4,-4.98e-4,-0.004613622,0.10861162416438357,0.012737398794520549,-0.02382350904109589,0.005979,0.022083,0.006001887428433365,0.022246572283401843,-2.288742843336523e-5,-1.635722834018448e-4
22390405,2239,131,5,4,0.003794,-5.01e-4,-0.012191541380208334,-0.045179110234375,-0.01396449828125,0.0025627456330729165,0.033164,-0.012569,0.03307450647953518,-0.01221914201299607,8.949352046481871e-5,-3.49857987003931e-4
22390501,2239,134,1,5,0.003794,-5.01e-4,0.00954001906077348,-0.010847782044779005,-0.005248622998977901,0.005453482790055249,-0.028002,-0.010117,-0.028147051131113283,-0.00875559853430257,1.4505113111328266e-4,-0.0013614014656974291
22450302,2245,121,2,3,-0.002208,-0.003497,0.0061847191891891895,-0.01984162210810811,-0.00640747754054054,0.008964979702702703,-0.019285,-0.008905,-0.01941396486938509,-0.009844104180046472,1.2896486938509036e-4,9.391041800464714e-4
22440404,2244,130,4,4,0.001792,-0.003498,-0.003820092062663185,-0.039225216449086164,-0.007923922558746736,0.008009748671566579,0.014676,-0.010528,0.013590402868348214,-0.009250558010422447,0.0010855971316517858,-0.0012774419895775525
22450701,2245,148,1,7,-0.002208,-0.003497,0.010626196183206107,-0.03516615445292621,-0.001793865313816794,-0.009302409185750636,-0.026076,0.005372,-0.025698573745044893,0.004450885202441054,-3.7742625495510666e-4,9.211147975589453e-4
22400903,2240,164,3,9,-2e-4,-5e-4,1.9529726176785716e-4,-0.027892330851648352,0.007685108076923077,-0.012904808571428571,-8.15e-4,0.012706,-0.0013858316958597857,0.01234333278316791,5.708316958597858e-4,3.626672168320912e-4
22571002,2257,72,2,10,-2e-4,-4.98e-4,0.002943236181058496,0.09562579977715878,0.00664193200557103,-0.01813920058495822,-0.007606,0.015832,-0.0076408214870739575,0.015593553665897555,3.482148707395794e-5,2.3844633410244367e-4
22410802,2241,156,2,8,-0.0032,-4.99e-4,0.006194721479452055,-0.03360111890410959,0.00145946905369863,-0.011644203808219178,-0.014393,0.009506,-0.014746872100570825,0.008728640486520917,3.53872100570825e-4,7.773595134790847e-4
22400501,2240,134,1,5,-2e-4,-5e-4,0.009868997602179836,-0.016782809019891008,-0.006883055765667575,6.738658595912807e-4,-0.027985,-0.006047,-0.027891419942685524,-0.0057633331295657685,-9.358005731447398e-5,-2.8366687043423133e-4
22570705,2257,54,5,7,-2e-4,-4.98e-4,-0.018172505775401068,0.10680291802139037,-0.0020742252263636365,-0.010575760534759358,0.033149,0.00333,0.03261823066264828,0.0035934997306471678,5.307693373517177e-4,-2.634997306471676e-4
22390604,2239,144,4,6,0.003794,-5.01e-4,-0.004885458602150537,-0.0304613563172043,-6.575998634247312e-4,0.002681572090860215,0.012775,-0.003863,0.013009045615123064,-0.0031655184861065187,-2.3404561512306365e-4,-6.974815138934814e-4
22391102,2239,177,2,11,0.003794,-5.01e-4,0.0068564353125,-0.03938430596590909,0.011366798664772727,-0.014784700625,-0.014409,0.014835,-0.014760806572550893,0.015103022739404665,3.51806572550894e-4,-2.6802273940466486e-4
22571102,2257,79,2,11,-2e-4,-4.98e-4,0.006429851101928375,0.08688891053443526,0.007503074628099174,-0.021851584187327824,-0.014398,0.018896,-0.013981053010190893,0.018915219404892752,-4.16946989809106e-4,-1.9219404892752705e-5
22450305,2245,124,5,3,-0.002208,-0.003497,-0.006401703698630137,-0.0497224438630137,-0.01267024202739726,0.003012182909589041,0.021458,-0.008905,0.02046936133738762,-0.008640051658873231,9.886386626123816e-4,-2.6494834112676907e-4
22450905,2245,166,5,9,-0.002208,-0.003497,-0.01209846159574468,-0.018495444202127658,0.009682524122340426,-0.016863060638297872,0.021458,0.014747,0.02176103166963266,0.014800610578522059,-3.030316696326561e-4,-5.3610578522058536e-5
22411001,2241,169,1,10,-0.0032,-4.99e-4,0.010249594261363636,-0.03520049872159091,0.0065572528125,-0.020996707357954544,-0.021182,0.01888,-0.021507774627291126,0.018406932630900263,3.257746272911251e-4,4.7306736909973713e-4
22440602,2244,142,2,6,0.001792,-0.003498,0.00715081174863388,-0.030814855491803277,-4.329397090163934e-4,2.470980590710382e-4,-0.019296,-0.001824,-0.01899222548365655,-0.001720643104641389,-3.0377451634345105e-4,-1.0335689535861096e-4
22560601,2256,239,1,6,-1.97e-4,-5e-4,0.010206710282051282,-0.14428956923076924,-0.002978193878205128,-0.005539523856410256,-0.027985,2.01e-4,-0.02833943444882225,1.9592080899214097e-4,3.544344488222499e-4,5.079191007859037e-6
22440502,2244,135,2,5,0.001792,-0.003498,0.006429398764367816,-0.02542450356321839,-0.0029057714873563217,0.007939090465517242,-0.019296,-0.008077,-0.019335546076807562,-0.008006866143695114,3.954607680756206e-5,-7.01338563048872e-5
22560605,2256,243,5,6,-1.97e-4,-5e-4,-0.012351798387096774,-0.1533152879032258,-0.0026659085190860214,-0.004884271650537634,0.026355,2.01e-4,0.026556652524411226,-1.304079197552961e-4,-2.016525244112253e-4,3.314079197552961e-4
22440905,2244,166,5,9,0.001792,-0.003498,-0.011909113950276244,-0.017787097955801107,0.009300228066298342,-0.013275788842541436,0.02147,0.01068,0.022039550551910016,0.011375199236588255,-5.695505519100172e-4,-6.951992365882547e-4
22400504,2240,137,4,5,-2e-4,-5e-4,-0.004118199148351648,-0.026701723626373627,-0.005733985271978022,0.004753220678571429,0.01277,-0.006047,0.012813080693567298,-0.006112742302399904,-4.30806935672975e-5,6.574230239990356e-5
22560403,2256,227,3,4,-1.97e-4,-5e-4,-0.002075503235227273,-0.16148117329545456,-0.0064733794318181815,0.008456111035227273,0.005978,-0.008502,0.005883534143118819,-0.008794295924502307,9.446585688118089e-5,2.922959245023082e-4
22560505,2256,236,5,5,-1.97e-4,-5e-4,-0.010446738917525773,-0.16116417010309278,-0.009160380195876288,-4.2267347409793814e-4,0.026355,-0.00605,0.026375237154792588,-0.006265337239663613,-2.023715479258854e-5,2.1533723966361267e-4
22450805,2245,159,5,8,-0.002208,-0.003497,-0.011265183377659575,-0.019880160744680853,0.0026324044342021275,-0.012472283617021277,0.021458,0.008497,0.02190103534381189,0.0087825532219567,-4.430353438118895e-4,-2.8555322195670125e-4
22400304,2240,123,4,3,-2e-4,-5e-4,-0.0028033329098143237,-0.040910398938992044,-0.008476902785145889,0.010818106551724138,0.01277,-0.01095,0.011663335390862345,-0.011262775175516136,0.0011066646091376553,3.1277517551613656e-4
22571202,2257,86,2,12,-2e-4,-4.98e-4,0.0030852019710526316,0.09863696226315789,0.009867213842105264,-0.024504393157894738,-0.007606,0.022083,-0.0074034668691376464,0.022264639894525495,-2.0253313086235323e-4,-1.8163989452549593e-4
22570505,2257,40,5,5,-2e-4,-4.98e-4,-0.010929957356321839,0.10390184551724138,-0.008482281206896551,5.565149458908046e-4,0.026357,-0.006047,0.026177011874145797,-0.006047562865292387,1.7998812585420083e-4,5.628652923866213e-7
22390702,2239,149,2,7,0.003794,-5.01e-4,0.0028840259065934064,-0.028048625796703298,0.0025728010513736263,7.247742968956044e-4,-0.007613,-7.37e-4,-0.007581146799546855,7.459651736675717e-5,-3.1853200453144834e-5,-8.115965173667572e-4
22400400,2240,126,0,4,-2e-4,-5e-4,0.011956499256198348,-0.011897631950214876,-0.01016102385399449,-2.5354493774104684e-4,-0.034777,-0.008499,-0.03419519020550642,-0.007976936335900566,-5.818097944935819e-4,-5.220636640994338e-4
22441102,2244,177,2,11,0.001792,-0.003498,0.008805683244047619,-0.041788636309523806,0.010935450029761904,-0.017524796458333332,-0.019296,0.016871,-0.018427083952524036,0.01717056883169684,-8.689160474759655e-4,-2.9956883169683846e-4
22410702,2241,149,2,7,-0.0032,-4.99e-4,0.003270155922077922,-0.027875343116883118,2.083058647012987e-4,-0.0075010456883116885,-0.007603,0.006381,-0.008331068941478127,0.00527733839666651,7.280689414781266e-4,0.0011036616033334905
22390804,2239,158,4,8,0.003794,-5.01e-4,-0.005701066288951841,-0.01913441892351275,0.0036352215127478755,-0.003717651062322946,0.012775,0.00239,0.012410993802712492,0.0028857760439471303,3.6400619728750827e-4,-4.957760439471299e-4
22400703,2240,150,3,7,-2e-4,-5e-4,-0.002721881490813648,-0.02586398868766404,0.0011291143549343832,-0.004212046803753281,0.005977,0.00333,0.006002012022915609,0.003025764288957554,-2.501202291560894e-5,3.042357110424464e-4
22570403,2257,31,3,4,-2e-4,-4.98e-4,-0.00228903346529563,0.08972927940874036,-0.003972138920308483,0.010395276632390746,0.005979,-0.008499,0.0066334239523675315,-0.00852689003753678,-6.544239523675312e-4,2.7890037536779473e-5
22390803,2239,157,3,8,0.003794,-5.01e-4,2.2475853852316078e-4,-0.028519785040871933,0.0042466156675749316,-0.002402821811989101,-8.17e-4,0.00239,-0.0010309276333436011,0.002928171575214131,2.1392763334360107e-4,-5.381715752141307e-4
22401102,2240,177,2,11,-2e-4,-5e-4,0.006776869601139601,-0.03671127094017094,0.010900000740740741,-0.01930657150997151,-0.0144,0.018896,-0.014225395649688284,0.019048901689540834,-1.7460435031171607e-4,-1.5290168954083393e-4
22441103,2244,178,3,11,0.001792,-0.003498,0.002111561641025641,-0.0344349547008547,0.012177678547008547,-0.016424652706552707,-0.005707,0.016871,-0.005247954571919038,0.017101740358417963,-4.590454280809623e-4,-2.307403584179618e-4
22560903,2256,262,3,9,-1.97e-4,-5e-4,-8.837436252394366e-4,-0.15382139830985916,0.010749179126760563,-0.010265741211267606,-8.15e-4,0.012703,-7.624859497124901e-4,0.012332698200255955,-5.2514050287509866e-5,3.703017997440459e-4
22410404,2241,130,4,4,-0.0032,-4.99e-4,-0.00613856406162465,-0.027746113837535013,-0.00942062918767507,0.001682766941792717,0.019556,-0.005444,0.01809063795587776,-0.005949415528869947,0.0014653620441222406,5.05415528869947e-4
22570801,2257,57,1,8,-2e-4,-4.98e-4,0.012022755796703297,0.09275755909340659,-0.0014770878671703297,-0.012255888983516483,-0.027983,0.006455,-0.02784751167168236,0.006322055171167652,-1.3548832831764137e-4,1.329448288323477e-4
22411002,2241,170,2,10,-0.0032,-4.99e-4,0.003392213769633508,-0.03452434738219895,0.008469280654450262,-0.01924617840314136,-0.007603,0.01888,-0.007878919871809548,0.018208451823942408,2.759198718095473e-4,6.715481760575929e-4
22410803,2241,157,3,8,-0.0032,-4.99e-4,4.0020897006006004e-4,-0.0312488284984985,0.0025276738054054054,-0.01039663075075075,-8.13e-4,0.009506,-0.0017560884812226395,0.008485476546458592,9.430884812226394e-4,0.0010205234535414088
22570902,2257,65,2,9,-2e-4,-4.98e-4,0.0060958496756756755,0.08603117818918919,0.00408898693972973,-0.015731944918918918,-0.014398,0.012706,-0.01433132272569896,0.012453095894315164,-6.667727430104043e-5,2.529041056848357e-4
22561103,2256,276,3,11,-1.97e-4,-5e-4,-5.686883176966292e-4,-0.15685184269662922,0.016838600786516854,-0.01446984191011236,-8.15e-4,0.018893,-0.0015150230612240728,0.01879518456740282,7.000230612240729e-4,9.781543259717999e-5
22440400,2244,126,0,4,0.001792,-0.003498,0.013635270840108401,-0.015974763151761516,-0.010154906937669376,9.186227217886179e-4,-0.039678,-0.010528,-0.03881476100611489,-0.01050495299209448,-8.632389938851084e-4,-2.3047007905519756e-5
22410700,2241,147,0,7,-0.0032,-4.99e-4,0.01555068005249344,-0.029827883989501314,-0.005099804615748032,-0.01479304341207349,-0.034762,0.006381,-0.03553694750109705,0.006716779789948882,7.749475010970482e-4,-3.357797899488817e-4
22570504,2257,39,4,5,-2e-4,-4.98e-4,-0.004939976970588235,0.10077714079411765,-0.00462494220882353,0.00568804744117647,0.012772,-0.006047,0.01296814194338432,-0.006101446088843298,-1.9614194338431852e-4,5.444608884329749e-5
22440903,2244,164,3,9,0.001792,-0.003498,0.00207813785989011,-0.030873756593406593,0.007719734945054945,-0.010980094395604396,-0.005707,0.01068,-0.005350028649744544,0.010763223519446401,-3.56971350255456e-4,-8.322351944640033e-5
22400401,2240,127,1,4,-2e-4,-5e-4,0.006819976583333333,-0.013676364290833333,-0.0061890959166666665,0.00657219285,-0.021192,-0.008499,-0.020714187307009056,-0.00827353971568722,-4.7781269299094304e-4,-2.2546028431277978e-4
22570502,2257,37,2,5,-2e-4,-4.98e-4,0.004131634294277929,0.10409242444141689,-0.0021063675847411444,0.007216980495286103,-0.014398,-0.006047,-0.013682138647816183,-0.006140659350034103,-7.158613521838163e-4,9.365935003410285e-5
22390904,2239,165,4,9,0.003794,-5.01e-4,-0.0066518785039370075,-0.02051618879265092,0.009026463073490814,-0.009456721811023623,0.012775,0.008643,0.012718540242369066,0.009110978889117854,5.64597576309342e-5,-4.67978889117855e-4
22391003,2239,171,3,10,0.003794,-5.01e-4,-0.0033042351140583556,-0.027814100185676392,0.011313462679045093,-0.011429559090185677,0.005979,0.01177,0.00568779736963983,0.012091092685548338,2.9120263036017005e-4,-3.210926855483394e-4
22410305,2241,124,5,3,-0.0032,-4.99e-4,-0.008965678513513514,-0.03586818054054054,-0.013821643964864865,0.0012614528443243244,0.026345,-0.007895,0.026249622137572672,-0.009019891083626086,9.53778624273275e-5,0.0011248910836260857
22560604,2256,242,4,6,-1.97e-4,-5e-4,-0.005713264940119761,-0.16318991616766468,-6.302893843113772e-4,-0.0011679789919161678,0.01277,2.01e-4,0.013169056130024177,-2.1443230502959194e-4,-3.9905613002417763e-4,4.1543230502959195e-4
22451102,2245,177,2,11,-0.002208,-0.003497,0.00917879731301939,-0.04339081412742382,0.009678308753462603,-0.021625937063711912,-0.019285,0.020936,-0.01885759957371512,0.020448983651718763,-4.274004262848796e-4,4.8701634828123816e-4
22440504,2244,137,4,5,0.001792,-0.003498,-0.0019380430522099447,-0.04192349779005525,-0.00466398273480663,0.007520725950276243,0.007882,-0.008077,0.0069535936761461106,-0.007202633384518647,9.284063238538898e-4,-8.743666154813539e-4
22390502,2239,135,2,5,0.003794,-5.01e-4,0.004838667446808511,-0.019553044151595745,-0.0023232943185904254,0.010597873712765958,-0.014409,-0.010117,-0.014718141459435532,-0.00923512321113204,3.091414594355314e-4,-8.818767888679582e-4
22561102,2256,275,2,11,-1.97e-4,-5e-4,0.005850146647058824,-0.15936146764705883,0.014928051911764707,-0.015624271852941176,-0.0144,0.018893,-0.014714354915309981,0.01883981968552923,3.143549153099815e-4,5.318031447076939e-5
22441003,2244,171,3,10,0.001792,-0.003498,-0.0014346179944903581,-0.03483167950413223,0.010876515289256199,-0.013725316336088155,0.001087,0.013806,0.0017873136792427092,0.014162066406956081,-7.003136792427091e-4,-3.560664069560811e-4
22400801,2240,155,1,8,-2e-4,-5e-4,0.012381359135135135,-0.02806471027027027,-4.00213154e-4,-0.011715332783783785,-0.027985,0.006455,-0.02841618642977759,0.006684996392949825,4.31186429777591e-4,-2.2999639294982532e-4
22450502,2245,135,2,5,-0.002208,-0.003497,0.006718010485714286,-0.030926937571428573,-0.004586801729428571,0.0030649593342857145,-0.019285,-0.004003,-0.019347066917392686,-0.005055685375902939,6.2066917392685e-5,0.0010526853759029397
22440801,2244,155,1,8,0.001792,-0.003498,0.014130992559366755,-0.03287728179419525,-1.5850771332453825e-4,-0.009943667414248021,-0.032884,0.004428,-0.03223087784029156,0.004433848682597959,-6.531221597084422e-4,-5.848682597959014e-6
22560901,2256,260,1,9,-1.97e-4,-5e-4,0.011947926555891239,-0.15759455589123866,0.0070356776132930515,-0.014277242265861027,-0.027985,0.012703,-0.028296611522646734,0.012579135361577556,3.1161152264673437e-4,1.2386463842244526e-4
22440604,2244,144,4,6,0.001792,-0.003498,-0.003043040182681564,-0.035730890223463686,-6.165667591899441e-4,4.580196901955307e-4,0.007882,-0.001824,0.007848668104449882,-9.392283867808174e-4,3.333189555011831e-5,-8.847716132191827e-4
22391202,2239,184,2,12,0.003794,-5.01e-4,0.0035508774573863636,-0.03160053585227273,0.014426695170454546,-0.01688681565340909,-0.007613,0.018023,-0.007846153900444167,0.018365886707147037,2.3315390044416692e-4,-3.428867071470364e-4
22400302,2240,121,2,3,-2e-4,-5e-4,0.004515140619946092,-0.014719248237196765,-0.0060010950404312665,0.011871698490566037,-0.0144,-0.01095,-0.014227117834048323,-0.011178359684608112,-1.728821659516773e-4,2.2835968460811258e-4
22560703,2256,248,3,7,-1.97e-4,-5e-4,-0.003131873416909621,-0.1555812390670554,0.0028370908775510206,-0.002936419540233236,0.005978,0.003326,0.005667521640004496,0.003029755538852241,3.104783599955041e-4,2.96244461147759e-4
22440503,2244,136,3,5,0.001792,-0.003498,0.0023372128760330577,-0.03385356336088154,-0.0023688790663911846,0.009780973168044077,-0.005707,-0.008077,-0.006541962484310753,-0.007976264522244859,8.34962484310753e-4,-1.0073547775514265e-4
22560400,2256,224,0,4,-1.97e-4,-5e-4,0.011606511300813008,-0.13195360162601627,-0.011201837506775067,-0.0018475432265582655,-0.034777,-0.008502,-0.035281107017654606,-0.008429470453299334,5.041070176546048e-4,-7.25295467006664e-5
22561004,2256,270,4,10,-1.97e-4,-5e-4,-0.011225441808510638,-0.14732379787234043,0.016965347792553192,-0.012622732234042554,0.019562,0.015829,0.019769799793439312,0.015472830946663338,-2.0779979343931265e-4,3.5616905333666173e-4
22401103,2240,178,3,11,-2e-4,-5e-4,-1.5287483823188405e-4,-0.03153771063768116,0.012508707884057972,-0.01840500420289855,-8.15e-4,0.018896,-8.666764447957005e-4,0.01892402802642395,5.167644479570056e-5,-2.8028026423948746e-5
22410505,2241,138,5,5,-0.0032,-4.99e-4,-0.010583224863387978,-0.027695003169398907,-0.009842523579234973,-0.0034362721226775957,0.026345,-0.002993,0.02600751237876112,-0.003887581818580867,3.3748762123887987e-4,8.945818185808668e-4
22560805,2256,257,5,8,-1.97e-4,-5e-4,-0.013459163723958334,-0.1440121796875,0.005294274114583333,-0.008633901328125,0.026355,0.006452,0.02606904332459602,0.0063862446901885705,2.859566754039793e-4,6.575530981143014e-5
22560802,2256,254,2,8,-1.97e-4,-5e-4,0.005026472183288409,-0.1551034501347709,0.003996702895956873,-0.006763002264150943,-0.0144,0.006452,-0.014553594463948598,0.006065809314230133,1.5359446394859873e-4,3.861906857698665e-4
22561001,2256,267,1,10,-1.97e-4,-5e-4,0.008949707245989305,-0.16099298128342246,0.010881349251336898,-0.014374857729946525,-0.021192,0.015829,-0.021700641983007415,0.015251065926213345,5.086419830074157e-4,5.779340737866537e-4
22450605,2245,145,5,6,-0.002208,-0.003497,-0.009818152736842105,-0.03357659642105263,-0.0038912786136842104,-0.007440491610526316,0.021458,0.002247,0.021788033384290216,0.0022985950590508684,-3.3003338429021367e-4,-5.1595059050868365e-5
22390901,2239,162,1,9,0.003794,-5.01e-4,0.012740050976253298,-0.034043503430079156,0.005158449683377309,-0.012426154274406333,-0.028002,0.008643,-0.027776931029677637,0.009288580892237962,-2.250689703223624e-4,-6.455808922379624e-4
22560602,2256,240,2,6,-1.97e-4,-5e-4,0.004721154666666666,-0.14989776,-3.7633413264e-4,-0.0011465679601866668,-0.0144,2.01e-4,-0.015079385428623724,-1.1280173021923883e-4,6.793854286237242e-4,3.138017302192388e-4
22570903,2257,66,3,9,-2e-4,-4.98e-4,-8.778841954891304e-4,0.10032003804347826,0.005677842730978261,-0.014829349375,-8.13e-4,0.012706,-1.9850938794923462e-4,0.012548911498077107,-6.144906120507654e-4,1.5708850192289284e-4
22410705,2241,152,5,7,-0.0032,-4.99e-4,-0.01715131815934066,-0.01378241062087912,-3.0968607214285716e-4,-0.012725294945054946,0.033135,0.006381,0.03215324101677565,0.006642627413639533,9.817589832243482e-4,-2.61627413639533e-4
22390601,2239,141,1,6,0.003794,-5.01e-4,0.010917349868421052,-0.02496492886842105,-0.0021901209794736843,-9.728182695236843e-4,-0.028002,-0.003863,-0.028508746226305604,-0.0031575898070819583,5.067462263056039e-4,-7.054101929180417e-4
22390700,2239,147,0,7,0.003794,-5.01e-4,0.01493604054054054,-0.029501447027027027,-0.0023359267037837837,-0.006682866675675676,-0.034798,-7.37e-4,-0.0352482305369782,-1.9922606427684504e-4,4.502305369781982e-4,-5.37773935723155e-4
22390603,2239,143,3,6,0.003794,-5.01e-4,3.71815839375e-4,-0.028964281304347826,9.227863300543479e-4,0.004522121902173913,-8.17e-4,-0.003863,-7.85541152832231e-4,-0.003039243549860877,-3.145884716776902e-5,-8.237564501391233e-4
22390401,2239,127,1,4,0.003794,-5.01e-4,0.006493491465517242,-0.015892227297155174,-0.004641900560344828,0.01147735591954023,-0.021206,-0.012569,-0.020924502318098625,-0.011373079201686273,-2.8149768190137577e-4,-0.0011959207983137266
22560701,2256,246,1,7,-1.97e-4,-5e-4,0.0077169610086455336,-0.14985013832853025,3.982156211815562e-4,-0.005759431296829971,-0.021192,0.003326,-0.021713787679140926,0.002945259178680724,5.217876791409274e-4,3.807408213192761e-4
22410901,2241,162,1,9,-0.0032,-4.99e-4,0.013185646740947075,-0.043397016434540386,0.003719411175487465,-0.019741875916434542,-0.027972,0.015755,-0.028269175948737398,0.01572232323730351,2.971759487373975e-4,3.267676269649221e-5
22400702,2240,149,2,7,-2e-4,-5e-4,0.003008449925729443,-0.0289654350132626,0.001445323645591512,-0.0038675214588859415,-0.007608,0.00333,-0.007812698826659702,0.003100956235476292,2.0469882665970172e-4,2.290437645237084e-4
22410701,2241,148,1,7,-0.0032,-4.99e-4,0.008986444668674699,-0.02848956876506024,-0.0018760200596385542,-0.010223836265060241,-0.021182,0.006381,-0.021787253687817087,0.0056573004516897694,6.052536878170877e-4,7.236995483102312e-4
22400901,2240,162,1,9,-2e-4,-5e-4,0.013246318753462603,-0.038490007479224375,0.0036751920271468146,-0.016740750443213298,-0.027985,0.012706,-0.028513256310408606,0.012798120165596097,5.282563104086069e-4,-9.21201655960975e-5
22410401,2241,127,1,4,-0.0032,-4.99e-4,0.007141707722222222,-0.021048896069444444,-0.007297115333333333,0.0023651138405555556,-0.021182,-0.005444,-0.020918342926279795,-0.005829122113352146,-2.6365707372020473e-4,3.8512211335214576e-4
22410605,2241,145,5,6,-0.0032,-4.99e-4,-0.01182752704735376,-0.026958541866295264,-0.0035871897158774374,-0.008556560069637884,0.026345,0.003256,0.02527483495053191,0.002866384977850777,0.00107016504946809,3.896150221492235e-4
22561202,2256,282,2,12,-1.97e-4,-5e-4,0.002513835885558583,-0.15909281198910083,0.01847584005449591,-0.016778122070844687,-0.007607,0.02208,-0.007696663508332767,0.021888891413246934,8.966350833276637e-5,1.91108586753064e-4
22560305,2256,222,5,3,-1.97e-4,-5e-4,-0.009027549826589595,-0.16973921387283236,-0.013892162716763006,0.003332202780346821,0.026355,-0.010953,0.02672556009205727,-0.010935520222599568,-3.705600920572688e-4,-1.747977740043068e-5
22400805,2240,159,5,8,-2e-4,-5e-4,-0.013103239603174603,-0.011570389047883598,0.002537160060846561,-0.010840895211640212,0.026355,0.006455,0.025532206291588713,0.006647847864450158,8.227937084112871e-4,-1.928478644501587e-4
22571104,2257,81,4,11,-2e-4,-4.98e-4,-0.008383384707446808,0.1142960480319149,0.011791727659574468,-0.02122068875,0.012772,0.018896,0.012957900570082413,0.018960547587365376,-1.8590057008241348e-4,-6.454758736537685e-5
22570601,2257,43,1,6,-2e-4,-4.98e-4,0.010713417324675324,0.08885911135064935,-0.0034307191522077924,-0.005374578948051948,-0.027983,2.04e-4,-0.027426517876369388,1.7602245449582187e-5,-5.56482123630613e-4,1.8639775455041782e-4
22400902,2240,163,2,9,-2e-4,-5e-4,0.00666487908045977,-0.03873286091954023,0.0063331531494252875,-0.014111550574712644,-0.0144,0.012706,-0.014900102821910685,0.012595210469813467,5.001028219106863e-4,1.1078953018653389e-4
22401001,2240,169,1,10,-2e-4,-5e-4,0.010000368495821726,-0.03928073871866295,0.007440200947075209,-0.017614848746518107,-0.021192,0.015832,-0.021258581452518556,0.015700660921530368,6.658145251855823e-5,1.313390784696313e-4
22410405,2241,131,5,4,-0.0032,-4.99e-4,-0.013208289189944135,-0.04103075511173184,-0.013784970474860336,-0.004531631784916201,0.033135,-0.005444,0.031092673478592903,-0.00593727882584986,0.0020423265214070934,4.932788258498598e-4
22400404,2240,130,4,4,-2e-4,-5e-4,-0.005815509889196676,-0.028940884044321328,-0.008894750138504156,0.005162145152354571,0.019562,-0.008499,0.01853647369918034,-0.008266310623239684,0.001025526300819659,-2.3268937676031566e-4
22401002,2240,170,2,10,-2e-4,-5e-4,0.0031970918895027622,-0.030467515883977902,0.009166691408839779,-0.015987835718232046,-0.007608,0.015832,-0.0074649859555808735,0.015511715577509133,-1.4301404441912626e-4,3.2028442249086564e-4
22440701,2244,148,1,7,0.001792,-0.003498,0.010437458549222798,-0.03445029135751295,-4.718572251295337e-4,-0.004738825673575129,-0.02609,0.001302,-0.025856411543642856,0.001031318551690982,-2.3358845635714198e-4,2.706814483090179e-4
22400403,2240,129,3,4,-2e-4,-5e-4,-0.001191837339826087,-0.036284289188405795,-0.005273725420289855,0.00950604611594203,0.005977,-0.008499,0.005172163461307573,-0.008718387107454983,8.048365386924259e-4,2.193871074549836e-4
22390605,2239,145,5,6,0.003794,-5.01e-4,-0.011369773472222223,-0.027432957,-0.003597979988888889,-0.0017419151725,0.026368,-0.003863,0.026398436781288823,-0.003365643512419009,-3.0436781288824528e-5,-4.973564875809914e-4
22410501,2241,134,1,5,-0.0032,-4.99e-4,0.010338193740648378,-0.013744885014962594,-0.008245670680798005,-0.0032221508478802994,-0.027972,-0.002993,-0.028259060793702762,-0.003383588391107412,2.8706079370276134e-4,3.905883911074118e-4
22451003,2245,171,3,10,-0.002208,-0.003497,-0.0011638501890374332,-0.03586413128342246,0.010391524545454545,-0.017755712727272728,0.001086,0.017873,0.0010133835550272163,0.017599621658706766,7.261644497278367e-5,2.733783412932362e-4
22570703,2257,52,3,7,-2e-4,-4.98e-4,-0.0033787228611898016,0.10132425934844193,0.0010878401929745043,-0.004387726937677054,0.005979,0.00333,0.0059306076271383925,0.0030372453690806016,4.83923728616074e-5,2.9275463091939854e-4
22450703,2245,150,3,7,-0.002208,-0.003497,-7.133431498731771e-4,-0.0332245703125,7.809438339322917e-4,-0.006254282604166666,0.001086,0.005372,0.0011262039803630812,0.0047022185697478906,-4.020398036308117e-5,6.697814302521094e-4
22411104,2241,179,4,11,-0.0032,-4.99e-4,-0.007159076221079691,-0.0191289888688946,0.015041207712082262,-0.021219400771208225,0.012766,0.021944,0.01174775182792012,0.02155297204295324,0.0010182481720798786,3.910279570467619e-4
22450503,2245,136,3,5,-0.002208,-0.003497,0.0022888474109195403,-0.034521892816091956,-0.0036066089683908045,0.004806229195402299,-0.005704,-0.004003,-0.006308463765832275,-0.0046818127708156574,6.044637658322749e-4,6.788127708156577e-4
22450504,2245,137,4,5,-0.002208,-0.003497,-0.0024545595166666667,-0.039890191666666665,-0.0057088217361111115,0.0028465295030555555,0.007877,-0.004003,0.007535844328290389,-0.004268338561220661,3.411556717096116e-4,2.6533856122066125e-4
22410301,2241,120,1,3,-0.0032,-4.99e-4,0.008822471725067385,-0.013536976053908356,-0.01038801140161725,0.0023934316603773584,-0.027972,-0.007895,-0.02672449339104206,-0.00813970685884852,-0.0012475066089579422,2.4470685884852054e-4
22400804,2240,158,4,8,-2e-4,-5e-4,-0.005842337342105263,-0.018635877342105263,0.0030522549105263157,-0.007909181677368421,0.01277,0.006455,0.012015909784612842,0.006088545711935304,7.540902153871578e-4,3.6645428806469547e-4
22400803,2240,157,3,8,-2e-4,-5e-4,1.4097660594240838e-4,-0.028838151570680627,0.003596218054973822,-0.006879214031413613,-8.15e-4,0.006455,-9.793910497369789e-4,0.006185744817663688,1.6439104973697903e-4,2.692551823363126e-4
22570904,2257,67,4,9,-2e-4,-4.98e-4,-0.007483257675070028,0.10744388829131653,0.006632428471988795,-0.015322502913165266,0.012772,0.012706,0.012657598415623392,0.012675443291416986,1.1440158437660768e-4,3.055670858301436e-5
22401104,2240,179,4,11,-2e-4,-5e-4,-0.0070068080617977525,-0.018705561601123594,0.015045098314606742,-0.01830551963483146,0.01277,0.018896,0.011844898811899452,0.01883481880821376,9.251011881005477e-4,6.118119178624178e-5
22450801,2245,155,1,8,-0.002208,-0.003497,0.014268508908045978,-0.03780723879310345,-0.0011982701036494254,-0.014513854022988507,-0.032866,0.008497,-0.032053121303513954,0.008509818384555128,-8.128786964860428e-4,-1.2818384555128602e-5
